epoch,train_loss,train_acc,valid_loss,valid_acc
0.0,2.05163511428833,23.696,1.8563028469085694,33.550000000000004
