epoch,train_loss,train_acc,valid_loss,valid_acc
0.0,2.0258865671873094,249.22,1.7321502217650413,365.5
1.0,1.5891114271759987,426.56,1.4979488736987114,463.90000000000003
2.0,1.4576887645363807,477.12,1.4152812412381173,494.20000000000005
3.0,1.383997782421112,505.84,1.3749636495709419,501.6
4.0,1.3285702591240407,526.9599999999999,1.3261586378216743,529.8
